,SO2,NO2,PM10,PM2.5,O3,CO,temp_2m,temp_0,BS,humi,w_speed,w_dir,rain,cloud,high,press,GRTL,QRTL,CBFS,DBFS,sunFS
count,32498,32498,32498,32498,32498,32498,32498,32498,32498,32498,32498,32498,32498,32498,32498,32498,32498,32498,32498,32498,32498
mean,0.094233,-15.939938,17.465385,-2.504328,17.786499,0.42186,24.916934,301.778926,0.013047,59.221886,3.94678,124.234901,0.399914,0.465743,676.290666,101.253019,92.886432,16.606632,395.988812,208.787297,250.884365
std,7.479913,29.151128,37.532859,30.707256,35.559385,0.262027,5.980101,8.561029,0.00526,16.636423,1.7507,82.821606,2.035541,0.328914,454.716321,0.64624,107.334489,19.380946,50.285896,273.216779,328.304546
min,-103.061,-429.778,-148.909,-124.171,-264.976,-2.03303,2.58423,275.045,0.000647,9.06963,0.00449,0.004486,0,0,19.5754,99.7136,-23.5607,-1.39084,229.26,0,0
25%,-3.115165,-30.841725,1.8457,-12.536525,-0.000526,0.283547,21.241975,296.019,0.009172,47.17265,2.6831,51.66705,0,0.152484,326.81625,100.698,10.046575,1.08985,361.367,0,0
50%,1.401255,-12.3255,15.62682,0.38269,13.973738,0.397692,25.9332,301.8365,0.013393,59.21905,3.8482,129.652,0,0.454778,550.314,101.252,37.8697,6.393675,409.094,24.07145,28.9249
75%,4.35628,1.052725,30.4907,8.47442,33.257918,0.547795,29.21895,307.314,0.017922,73.05365,5.12951,180.807,0,0.782031,973.546,101.741,166.99425,29.83685,436.387,390.9295,469.75125
max,58.2618,172.8807,947.0921,975.54469,269.23006,11.433869,37.5323,323.987,0.023053,100.703,12.69,359.997,98.7407,1,2314.1,102.997,554.955,77.0526,491.671,893.002,1073.06
